ID,Title,Permalink
97,"Designing a Node - TEST",https://learn.fabric-testbed.net/?post_type=ht_kb&p=97
103,"Style Guide / Template   (INPROGRESS)",https://learn.fabric-testbed.net/?post_type=ht_kb&p=103
112,"A new article",https://learn.fabric-testbed.net/?post_type=ht_kb&p=112
150,"Slice Manager",https://learn.fabric-testbed.net/knowledge-base/fabrictestbed-slice_manager/
161,"Slice Editor",https://learn.fabric-testbed.net/knowledge-base/slice-editor/
197,TestPaul,https://learn.fabric-testbed.net/?post_type=ht_kb&p=197
378,"FABRIC Testbed Release 1.0",https://learn.fabric-testbed.net/knowledge-base/fabric-testbed-release-1-0/
387,"Quick Start Guide",https://learn.fabric-testbed.net/knowledge-base/quick-start-guide/
677,"Install the FABRIC Python API",https://learn.fabric-testbed.net/knowledge-base/install-the-python-api/
810,"September '21 Newsletter",https://learn.fabric-testbed.net/knowledge-base/september-21-newsletter/
881,"FABRIC Site Hardware Configurations",https://learn.fabric-testbed.net/knowledge-base/fabric-site-hardware-configurations/
925,"Reaching IPv4-only resources like GitHub or Docker Hub from IPv6 FABRIC sites",https://learn.fabric-testbed.net/knowledge-base/using-ipv4-only-resources-like-github-or-docker-hub-from-ipv6-fabric-sites/
938,"Logging into FABRIC VMs",https://learn.fabric-testbed.net/knowledge-base/logging-into-fabric-vms/
1041,"November '21 Newsletter",https://learn.fabric-testbed.net/knowledge-base/november-21-newsletter/
1216,"Working with Python 3.9 on Ubuntu 20.04",https://learn.fabric-testbed.net/?post_type=ht_kb&p=1216
1219,"How to install fablib after locally installing the FABRIC API",https://learn.fabric-testbed.net/?post_type=ht_kb&p=1219
1246,"January ’22 Newsletter",https://learn.fabric-testbed.net/knowledge-base/january-22-newsletter/
1310,"Parsed HTML sample",https://learn.fabric-testbed.net/?post_type=ht_kb&p=1310
1383,"FABRIC Testbed Release 1.1",https://learn.fabric-testbed.net/knowledge-base/fabric-testbed-release-1-1/
1388,"Frequently Asked Questions (FAQ)",https://learn.fabric-testbed.net/knowledge-base/frequently-asked-starter-questions/
1398,"July '21 Newsletter",https://learn.fabric-testbed.net/knowledge-base/july-21-newsletter/
1412,"May '21 Newsletter",https://learn.fabric-testbed.net/knowledge-base/may-21-newsletter/
1430,"March '21 Newsletter",https://learn.fabric-testbed.net/knowledge-base/march-21-newsletter/
1433,"January '21 Newsletter",https://learn.fabric-testbed.net/knowledge-base/january-21-newsletter/
1440,"November '20 Newsletter",https://learn.fabric-testbed.net/knowledge-base/november-20-newsletter/
1491,"July '20 Newsletter",https://learn.fabric-testbed.net/knowledge-base/july-20-newsletter/
1494,"May '20 Newsletter",https://learn.fabric-testbed.net/knowledge-base/may-20-newsletter/
1606,"April '20 Newsletter",https://learn.fabric-testbed.net/knowledge-base/april-20-newsletter/
1609,"March '20 Newsletter",https://learn.fabric-testbed.net/knowledge-base/march-20-newsletter/
1611,"February '20 Newsletter",https://learn.fabric-testbed.net/knowledge-base/february-20-newsletter/
1615,"December '19 Newsletter",https://learn.fabric-testbed.net/knowledge-base/december-19-newsletter/
1618,"November '19 Newsletter",https://learn.fabric-testbed.net/knowledge-base/november-19-newsletter/
1645,"FABLib API",https://learn.fabric-testbed.net/knowledge-base/fablib-api/
1658,"March '22 Newsletter",https://learn.fabric-testbed.net/knowledge-base/march-22-newsletter/
1684,"Welcome to the FABlib Documentation",https://learn.fabric-testbed.net/?post_type=ht_kb&p=1684
1774,"Creating your first slice in the Portal",https://learn.fabric-testbed.net/knowledge-base/portal-slice-builder-user-guide/
1798,"FABRIC Testbed Release 1.2",https://learn.fabric-testbed.net/knowledge-base/fabric-testbed-release-1-2/
1849,"FABRIC User Roles and Project Permissions",https://learn.fabric-testbed.net/knowledge-base/fabric-user-roles-and-project-permissions/
1898,"Obtaining and using FABRIC API tokens",https://learn.fabric-testbed.net/knowledge-base/obtaining-and-using-fabric-api-tokens/
1943,"Style Guide for Knowledge Base Articles",https://learn.fabric-testbed.net/knowledge-base/style-guide-for-knowledge-base-articles/
1956,"May ’22 Newsletter",https://learn.fabric-testbed.net/knowledge-base/may-22-newsletter/
2106,"MFlib Overview",https://learn.fabric-testbed.net/knowledge-base/mflib-overview/
2145,"FABRIC Tutorials and Examples",https://learn.fabric-testbed.net/knowledge-base/tutorials/
2169,Prometheus,https://learn.fabric-testbed.net/knowledge-base/prometheus/
2170,Grafana,https://learn.fabric-testbed.net/knowledge-base/grafana/
2179,"MFLib Methods",https://learn.fabric-testbed.net/knowledge-base/mflib-methods/
2246,"Visualizing Measurement Graphs in FABRIC JupyterHub",https://learn.fabric-testbed.net/knowledge-base/visualizing-measurement-graphs-in-fabric-jupyterhub/
2374,"July ’22 Newsletter",https://learn.fabric-testbed.net/knowledge-base/july-22-newsletter/
2690,"FABRIC Testbed Release 1.3",https://learn.fabric-testbed.net/knowledge-base/fabric-testbed-release-1-3/
2704,Glossary,https://learn.fabric-testbed.net/knowledge-base/glossary/
2745,Kibana,https://learn.fabric-testbed.net/knowledge-base/kibana/
2759,ELK,https://learn.fabric-testbed.net/knowledge-base/elk/
2777,"MFLib Services",https://learn.fabric-testbed.net/knowledge-base/mflib-services/
2832,"How VMs are sized in FABRIC",https://learn.fabric-testbed.net/knowledge-base/how-vms-are-sized-in-fabric/
2845,"Timestamp Used By the Measurement Framework",https://learn.fabric-testbed.net/knowledge-base/timestamp-used-by-the-measurement-framework/
2884,"Network Interfaces in FABRIC VMs",https://learn.fabric-testbed.net/knowledge-base/network-interfaces-in-fabric-vms/
3002,"MFLIB Uploading ELK Dashboards",https://learn.fabric-testbed.net/knowledge-base/mflib-uploading-elk-dashboards/
3163,"Things to know when using FABRIC for the first time",https://learn.fabric-testbed.net/knowledge-base/things-to-know-when-using-fabric-for-the-first-time/
3239,"September '22 Newsletter",https://learn.fabric-testbed.net/knowledge-base/september-22-newsletter/
3531,"Network Services in FABRIC",https://learn.fabric-testbed.net/knowledge-base/network-services-in-fabric/
3550,"Measurement Framework Timestamp Service",https://learn.fabric-testbed.net/?post_type=ht_kb&p=3550
3607,"PTP Implementation in FABRIC",https://learn.fabric-testbed.net/?post_type=ht_kb&p=3607
3674,"FABRIC Portal Release Notes",https://learn.fabric-testbed.net/knowledge-base/fabric-portal-release-notes/
3736,"FABRIC Testbed Release 1.4",https://learn.fabric-testbed.net/knowledge-base/fabric-testbed-release-1-4/
3799,"January '23 Newsletter",https://learn.fabric-testbed.net/knowledge-base/january-23-newsletter/
3959,"Test FABRIC News Md File",https://learn.fabric-testbed.net/?post_type=ht_kb&p=3959
3991,"March '23 Newsletter",https://learn.fabric-testbed.net/knowledge-base/march-23-newsletter/
4119,"OWL (One-way Latency)",https://learn.fabric-testbed.net/knowledge-base/owl-one-way-latency/
4143,"Cite FABRIC",https://learn.fabric-testbed.net/knowledge-base/citing-fabric/
4347,"May '23 Newsletter",https://learn.fabric-testbed.net/knowledge-base/may-23-newsletter/
4354,"Signing up for a FABRIC account",https://learn.fabric-testbed.net/knowledge-base/signing-up-for-a-fabric-account/
4359,"Creating or Joining a Project",https://learn.fabric-testbed.net/knowledge-base/creating-or-joining-a-project/
4364,"Creating your first experiment in Jupyter Hub",https://learn.fabric-testbed.net/knowledge-base/creating-your-first-experiment-in-jupyter-hub/
4366,"Getting Help",https://learn.fabric-testbed.net/knowledge-base/getting-help/
4381,"Using the Jupyter Hub",https://learn.fabric-testbed.net/knowledge-base/using-the-jupyter-hub/
4385,"Navigating FABRIC Portal",https://learn.fabric-testbed.net/knowledge-base/navigating-fabric-portal/
4402,"Generating SSH Configuration and SSH Keys",https://learn.fabric-testbed.net/knowledge-base/generating-ssh-configuration-and-ssh-keys/
4408,"SSH Troubleshooting",https://learn.fabric-testbed.net/knowledge-base/ssh-troubleshooting/
4411,"SSH Key Primer (creating, identifying, fingerprinting keypairs)",https://learn.fabric-testbed.net/knowledge-base/ssh-key-primer-creating-identifying-fingerprinting-keypairs/
4415,"Transferring data to and from your VMs",https://learn.fabric-testbed.net/knowledge-base/transferring-data-to-and-from-your-vms/
4418,"Advanced Jupyter Hub",https://learn.fabric-testbed.net/knowledge-base/advanced-jupyter-hub/
4474,"FABRIC Testbed Release 1.5",https://learn.fabric-testbed.net/knowledge-base/fabric-testbed-release-1-5/
4510,"FABRIC Credentials Overview",https://learn.fabric-testbed.net/knowledge-base/fabric-credentials-overview/
4621,"FABRIC Federation Extension (FabFed) Users Manual",https://learn.fabric-testbed.net/knowledge-base/fabric-federation-extension-fabfed-users-manual/
4643,"FABRIC Facility Ports",https://learn.fabric-testbed.net/knowledge-base/fabric-facility-ports/
4692,"Port Mirroring in FABRIC",https://learn.fabric-testbed.net/knowledge-base/port-mirroring-in-fabric/
4823,"Running GUI applications on FABRIC",https://learn.fabric-testbed.net/knowledge-base/running-gui-applications-on-fabric/
4832,"Managing project membership from the Portal",https://learn.fabric-testbed.net/knowledge-base/managing-project-membership-from-the-portal/
4871,"July '23 Newsletter",https://learn.fabric-testbed.net/knowledge-base/july-23-newsletter/
4874,"NGI Enrichers program seeks host organizations for funded researchers",https://learn.fabric-testbed.net/knowledge-base/ngi-enrichers-program-seeks-host-organizations-for-funded-researchers/
4877,"NSF FABRIC Project Completes Phase 1, Enabling Early Testing of Unprecedented Large-scale Network Experiments",https://learn.fabric-testbed.net/knowledge-base/nsf-fabric-project-completes-phase-1-enabling-early-testing-of-unprecedented-large-scale-network-experiments/
4901,"FABRIC FABlib Release Notes",https://learn.fabric-testbed.net/knowledge-base/fabric-fablib-release-notes/
4935,"Searching the Knowledge Base",https://learn.fabric-testbed.net/knowledge-base/searching-the-knowledge-base/
4959,"Export Elasticsearch Data to Google Bigquery",https://learn.fabric-testbed.net/?post_type=ht_kb&p=4959
5016,"P4 Programmable Data Plane Switches (BMv2) over FABRIC",https://learn.fabric-testbed.net/knowledge-base/p4-programmable-data-plane-switches-bmv2-over-fabric/
5080,"Logging into VMs from the browser",https://learn.fabric-testbed.net/knowledge-base/logging-into-vms-from-the-browser/
5121,"Using SliceCommander with FABRIC",https://learn.fabric-testbed.net/knowledge-base/using-slicecommander-with-fabric/
5131,"Transitioning from GENI to FABRIC",https://learn.fabric-testbed.net/knowledge-base/transitioning-from-geni-to-fabric/
5133,"FABRIC Information for Instructors",https://learn.fabric-testbed.net/knowledge-base/fabric-information-for-instructors/
5208,"Design Documents",https://learn.fabric-testbed.net/knowledge-base/design-documents/
5401,"A Reimagined Internet — NCSA Feature",https://learn.fabric-testbed.net/knowledge-base/a-reimagined-internet-ncsa-feature/
5405,"NSF Campus Cyberinfrastructure special solicitation introduces new areas",https://learn.fabric-testbed.net/knowledge-base/nsf-campus-cyberinfrastructure-special-solicitation-introduces-new-areas/
5409,"FABRIC introduces tutorial webinar series for new users",https://learn.fabric-testbed.net/knowledge-base/fabric-introduces-tutorial-webinar-series-for-new-users/
5414,"Initial Findings of the 2021 Trusted CI Annual Challenge on Software Assurance",https://learn.fabric-testbed.net/knowledge-base/initial-findings-of-the-2021-trusted-ci-annual-challenge-on-software-assurance/
5444,"Using Xilinx U280 FPGAs on FABRIC",https://learn.fabric-testbed.net/knowledge-base/using-xilinx-u280-fpgas-on-fabric/
5458,"Trusted CI Concludes Engagement with FABRIC",https://learn.fabric-testbed.net/knowledge-base/trusted-ci-concludes-engagement-with-fabric/
5461,"NSF RINGS solicitation encourages the use of FABRIC",https://learn.fabric-testbed.net/knowledge-base/nsf-rings-solicitation-encourages-the-use-of-fabric/
5464,"Researchers connect across international lines at the FABRIC Across Borders Kickoff",https://learn.fabric-testbed.net/knowledge-base/researchers-connect-across-international-lines-at-the-fabric-across-borders-kickoff/
5467,"NSF Funds Seven New Campus Cyberinfrastructure Projects Using FABRIC",https://learn.fabric-testbed.net/knowledge-base/nsf-funds-seven-new-campus-cyberinfrastructure-projects-using-fabric/
5470,"NSF announces $3 million award to expand FABRIC cyberinfrastructure globally",https://learn.fabric-testbed.net/knowledge-base/nsf-announces-3-million-award-to-expand-fabric-cyberinfrastructure-globally/
5472,"FABRIC honors contributions of computer networking trailblazer Malathi Veeraraghavan",https://learn.fabric-testbed.net/knowledge-base/fabric-honors-contributions-of-computer-networking-trailblazer-malathi-veeraraghavan/
5474,"Top 5 Takeaways from Organizing Two Virtual Workshops",https://learn.fabric-testbed.net/knowledge-base/top-5-takeaways-from-organizing-two-virtual-workshops/
5478,"FABRIC Community Workshop: Insightful Participants Impact FABRIC’s Architecture, Design, and Engagement Strategy",https://learn.fabric-testbed.net/knowledge-base/fabric-community-workshop-insightful-participants-impact-fabrics-architecture-design-and-engagement-strategy/
5480,"FABRIC project forms Scientific Advisory Committee",https://learn.fabric-testbed.net/knowledge-base/fabric-project-forms-scientific-advisory-committee/
5482,"NSF Campus Cyberinfrastructure solicitation encourages use of FABRIC",https://learn.fabric-testbed.net/knowledge-base/nsf-campus-cyberinfrastructure-solicitation-encourages-use-of-fabric/
5485,"FABRIC project launches with $20 Million NSF grant to test a reimagined Internet",https://learn.fabric-testbed.net/knowledge-base/fabric-project-launches-with-20-million-nsf-grant-to-test-a-reimagined-internet/
5531,"KNIT 7: A FABRIC Community Workshop",https://learn.fabric-testbed.net/knowledge-base/knit-7-a-fabric-community-workshop/
5537,"2023 Internet2 Technology Exchange",https://learn.fabric-testbed.net/knowledge-base/2023-internet2-technology-exchange/
5539,"SIGCOMM 2023",https://learn.fabric-testbed.net/knowledge-base/sigcomm-2023/
5541,"MERIF 2023 Workshop",https://learn.fabric-testbed.net/knowledge-base/merif-2023-workshop/
5544,"IEEE INFOCOM 2023",https://learn.fabric-testbed.net/knowledge-base/ieee-infocom-2023/
5546,"Chameleon User Meeting",https://learn.fabric-testbed.net/knowledge-base/chameleon-user-meeting/
5548,"KNIT 6: A FABRIC Community Workshop",https://learn.fabric-testbed.net/knowledge-base/knit-6-a-fabric-community-workshop/
5554,"Quilt Community Meeting",https://learn.fabric-testbed.net/knowledge-base/quilt-community-meeting/
5556,"ERN All Hands Meeting 2023",https://learn.fabric-testbed.net/knowledge-base/ern-all-hands-meeting-2023/
5558,"2023 MOC Alliance Workshop",https://learn.fabric-testbed.net/knowledge-base/2023-moc-alliance-workshop/
5560,"TPRE Meeting 2023",https://learn.fabric-testbed.net/knowledge-base/tpre-meeting-2023/
5562,"USC Information Sciences Institute Cybersecurity Experimentation Workshop",https://learn.fabric-testbed.net/knowledge-base/usc-information-sciences-institute-cybersecurity-experimentation-workshop/
5565,"2022 Internet2 Technology Exchange",https://learn.fabric-testbed.net/knowledge-base/2022-internet2-technology-exchange/
5567,"Supercomputing 2022",https://learn.fabric-testbed.net/knowledge-base/supercomputing-2022/
5569,"2022 NSF Cybersecurity Summit",https://learn.fabric-testbed.net/knowledge-base/2022-nsf-cybersecurity-summit/
5571,"KNIT 5: A FABRIC Community Workshop",https://learn.fabric-testbed.net/knowledge-base/knit-5-a-fabric-community-workshop/
5573,"ITC 34 - Teletraffic Engineering for Smart Networking",https://learn.fabric-testbed.net/knowledge-base/itc-34-teletraffic-engineering-for-smart-networking/
5575,"Mid-scale Research Infrastructure project execution plan development workshop",https://learn.fabric-testbed.net/knowledge-base/mid-scale-research-infrastructure-project-execution-plan-development-workshop/
5577,"FABRIC Tutorial Webinar: August 11, 2022",https://learn.fabric-testbed.net/knowledge-base/fabric-tutorial-webinar-august-11-2022/
5579,"NSF Convergence Accelerator Expo 2022",https://learn.fabric-testbed.net/knowledge-base/nsf-convergence-accelerator-expo-2022/
5581,"FABRIC Tutorial Webinar: July 14, 2022",https://learn.fabric-testbed.net/knowledge-base/fabric-tutorial-webinar-july-14-2022/
5583,"NSF Presentation to CISE",https://learn.fabric-testbed.net/knowledge-base/nsf-presentation-to-cise/
5585,"SLICES Workshop: Scientific Instruments to support digital infrastructure science",https://learn.fabric-testbed.net/knowledge-base/slices-workshop-scientific-instruments-to-support-digital-infrastructure-science/
5587,"FABRIC Tutorial Webinar: June '22",https://learn.fabric-testbed.net/knowledge-base/fabric-tutorial-webinar-june-22/
5589,"MERIF Workshop 2022",https://learn.fabric-testbed.net/knowledge-base/merif-workshop-2022/
5591,"2022 SaTC PI Meeting",https://learn.fabric-testbed.net/knowledge-base/2022-satc-pi-meeting/
5593,"Test and Evaluation of Programmable Networks 2022",https://learn.fabric-testbed.net/knowledge-base/test-and-evaluation-of-programmable-networks-2022/
5596,"FABRIC Tutorial Webinar: May '22",https://learn.fabric-testbed.net/knowledge-base/fabric-tutorial-webinar-may-22/
5598,"The 9th International Workshop on Computer and Networking Experimental Research using Testbeds (CNERT 2022)",https://learn.fabric-testbed.net/knowledge-base/the-9th-international-workshop-on-computer-and-networking-experimental-research-using-testbeds-cnert-2022/
5600,"KNIT Spring '22 Webinar",https://learn.fabric-testbed.net/knowledge-base/knit-spring-22-webinar/
5602,"FABRIC Tutorial Webinar: April '22",https://learn.fabric-testbed.net/knowledge-base/fabric-tutorial-webinar-april-22/
5604,"NITRD Joint Engineering Team (JET) Meeting",https://learn.fabric-testbed.net/knowledge-base/nitrd-joint-engineering-team-jet-meeting/
5606,"Mini GRP Workshop at SCAsia 2022",https://learn.fabric-testbed.net/knowledge-base/mini-grp-workshop-at-scasia-2022/
5608,"KNIT Winter '21: A FABRIC Community Workshop",https://learn.fabric-testbed.net/knowledge-base/knit-winter-21-a-fabric-community-workshop/
5610,"INDIS'21: 8th Workshop on Innovating the Network for Data-Intensive Science",https://learn.fabric-testbed.net/knowledge-base/indis21-8th-workshop-on-innovating-the-network-for-data-intensive-science/
5612,"Supercomputing 2021",https://learn.fabric-testbed.net/knowledge-base/supercomputing-2021/
5614,"Workshop on Data for AI in Network Systems",https://learn.fabric-testbed.net/knowledge-base/workshop-on-data-for-ai-in-network-systems/
5616,"NSF Large Facilities Workshop – October 2021 Webinar",https://learn.fabric-testbed.net/knowledge-base/nsf-large-facilities-workshop-october-2021-webinar/
5618,"2021 IEEE 4th 5G World Forum",https://learn.fabric-testbed.net/knowledge-base/2021-ieee-4th-5g-world-forum/
5620,"2021 NSF Cybersecurity Summit",https://learn.fabric-testbed.net/knowledge-base/2021-nsf-cybersecurity-summit/
5622,"Net-Centric 2021",https://learn.fabric-testbed.net/knowledge-base/net-centric-2021/
5624,"2nd Global Research Platform Workshop 2021",https://learn.fabric-testbed.net/knowledge-base/2nd-global-research-platform-workshop-2021/
5626,"AI Village @ DEF CON 29",https://learn.fabric-testbed.net/knowledge-base/ai-village-def-con-29/
5628,"South Big Data Hub 2021 All-Hands Meeting",https://learn.fabric-testbed.net/knowledge-base/south-big-data-hub-2021-all-hands-meeting/
5630,"Workshop: Multi-Campus Cyber-Security Data Curation for Research and Education",https://learn.fabric-testbed.net/knowledge-base/workshop-multi-campus-cyber-security-data-curation-for-research-and-education/
5632,"PEARC21 Cybersecurity Careers Panel",https://learn.fabric-testbed.net/knowledge-base/pearc21-cybersecurity-careers-panel/
5634,"NGIatlantic.eu – NSF EU – US Networking workshop for Open call 4",https://learn.fabric-testbed.net/knowledge-base/ngiatlantic-eu-nsf-eu-us-networking-workshop-for-open-call-4/
5636,"NITRD Advanced Wireless Test Platform Team Meeting",https://learn.fabric-testbed.net/knowledge-base/nitrd-advanced-wireless-test-platform-team-meeting/
5640,"Internet2 Community Voices Series",https://learn.fabric-testbed.net/knowledge-base/internet2-community-voices-series/
5642,"LSN Interagency Workshop Meeting",https://learn.fabric-testbed.net/knowledge-base/lsn-interagency-workshop-meeting/
5644,"Internet2 Performance Working Group",https://learn.fabric-testbed.net/knowledge-base/internet2-performance-working-group/
5646,"NSF SATC Principal Investigator Meeting 2021",https://learn.fabric-testbed.net/knowledge-base/nsf-satc-principal-investigator-meeting-2021/
5648,"NGI ThinkNEXUS Workshop 2: Key NGI technologies in the EU-US context",https://learn.fabric-testbed.net/knowledge-base/ngi-thinknexus-workshop-2-key-ngi-technologies-in-the-eu-us-context/
5650,"FABRIC Experimenters Workshop",https://learn.fabric-testbed.net/knowledge-base/fabric-experimenters-workshop/
5652,"AI Journal Club",https://learn.fabric-testbed.net/knowledge-base/ai-journal-club/
5654,"OmniSOC Year 3 Virtual Event",https://learn.fabric-testbed.net/knowledge-base/omnisoc-year-3-virtual-event/
5656,"NGI ThinkNEXUS Workshop 1: Key NGI technologies in the EU-US context",https://learn.fabric-testbed.net/knowledge-base/ngi-thinknexus-workshop-1-key-ngi-technologies-in-the-eu-us-context/
5658,"ISQNet Seminar Series",https://learn.fabric-testbed.net/knowledge-base/isqnet-seminar-series/
5660,"Bace Cybersecurity Institute Webinar",https://learn.fabric-testbed.net/knowledge-base/bace-cybersecurity-institute-webinar/
5662,"NSF Workshop on Overcoming Measurement Barriers to Internet Research (WOMBIR 2021)",https://learn.fabric-testbed.net/knowledge-base/nsf-workshop-on-overcoming-measurement-barriers-to-internet-research-wombir-2021/
5665,"Workshop RNP 2020",https://learn.fabric-testbed.net/knowledge-base/workshop-rnp-2020/
5667,"ERN Architecture and Federation Virtual Workshop",https://learn.fabric-testbed.net/knowledge-base/ern-architecture-and-federation-virtual-workshop/
5669,"FABRIC Facility Partners Workshop",https://learn.fabric-testbed.net/knowledge-base/fabric-facility-partners-workshop/
5671,"Workshop on Programmable Networking",https://learn.fabric-testbed.net/knowledge-base/workshop-on-programmable-networking/
5673,"Supercomputing 2020 — SCinet Experimental Network (XNET) Session",https://learn.fabric-testbed.net/knowledge-base/supercomputing-2020-scinet-experimental-network-xnet-session/
5675,"Supercomputing 2020 — International Workshop on Innovating the Network for Data-Intensive Science (INDIS 2020)",https://learn.fabric-testbed.net/knowledge-base/supercomputing-2020-international-workshop-on-innovating-the-network-for-data-intensive-science-indis-2020/
5677,"Open Storage Network Seminar Series — National and International Trends in Research",https://learn.fabric-testbed.net/knowledge-base/open-storage-network-seminar-series-national-and-international-trends-in-research/
5679,"IRIS HEP Future Analysis Systems + Facilities Meeting",https://learn.fabric-testbed.net/knowledge-base/iris-hep-future-analysis-systems-facilities-meeting/
5681,"IPTComm 2020",https://learn.fabric-testbed.net/knowledge-base/iptcomm-2020/
5683,"FABRIC: More than Just a Pretty Testbed",https://learn.fabric-testbed.net/knowledge-base/fabric-more-than-just-a-pretty-testbed/
5685,"International Conference on Network of the Future",https://learn.fabric-testbed.net/knowledge-base/international-conference-on-network-of-the-future/
5687,"IEEE Chicago Anniversary Celebration",https://learn.fabric-testbed.net/knowledge-base/ieee-chicago-anniversary-celebration/
5689,"RedHat Research Day",https://learn.fabric-testbed.net/knowledge-base/redhat-research-day/
5691,"A Virtual Conference to Explore Modular, Open Hardware-Software Prototyping Platform for the mmWave and Sub-THz Wireless Research Community",https://learn.fabric-testbed.net/knowledge-base/a-virtual-conference-to-explore-modular-open-hardware-software-prototyping-platform-for-the-mmwave-and-sub-thz-wireless-research-community/
5693,"NSF Workshop on Midscale Infrastructure for Quantum Photonic Science, Engineering and Technology",https://learn.fabric-testbed.net/knowledge-base/nsf-workshop-on-midscale-infrastructure-for-quantum-photonic-science-engineering-and-technology/
5695,"USENIX Security Symposium 29",https://learn.fabric-testbed.net/knowledge-base/usenix-security-symposium-29/
5698,"DEF CON AI Village",https://learn.fabric-testbed.net/knowledge-base/def-con-ai-village/
5700,"FABRIC: Creating a Testbed of Testbeds at PEARC20",https://learn.fabric-testbed.net/knowledge-base/fabric-creating-a-testbed-of-testbeds-at-pearc20/
5702,"AI Hacker Journal Club",https://learn.fabric-testbed.net/knowledge-base/ai-hacker-journal-club/
5704,"The 6th International Workshop on Computer and Networking Experimental Research using Testbeds (CNERT 2020)",https://learn.fabric-testbed.net/knowledge-base/the-6th-international-workshop-on-computer-and-networking-experimental-research-using-testbeds-cnert-2020/
5706,"RIPE 80",https://learn.fabric-testbed.net/knowledge-base/ripe-80/
5708,"ARIN 45",https://learn.fabric-testbed.net/knowledge-base/arin-45/
5710,"FABRIC Virtual Community Workshop",https://learn.fabric-testbed.net/knowledge-base/fabric-virtual-community-workshop/
5712,"Huge Data Workshop",https://learn.fabric-testbed.net/knowledge-base/huge-data-workshop/
5714,"Mass Open Cloud 2020",https://learn.fabric-testbed.net/knowledge-base/mass-open-cloud-2020/
5716,"Trusted CI Webinar Series",https://learn.fabric-testbed.net/knowledge-base/trusted-ci-webinar-series/
5718,"Chicago Tonight - Iowa Caucus Mess Raises New Concerns About Election Security",https://learn.fabric-testbed.net/knowledge-base/chicago-tonight-iowa-caucus-mess-raises-new-concerns-about-election-security/
5720,"CI Engineering Brownbag Series",https://learn.fabric-testbed.net/knowledge-base/ci-engineering-brownbag-series/
5722,"MERIF Workshop 2020",https://learn.fabric-testbed.net/knowledge-base/merif-workshop-2020/
5724,"Internet2 2019 Technology Exchange (TechEX)",https://learn.fabric-testbed.net/knowledge-base/internet2-2019-technology-exchange-techex/
5726,SC19,https://learn.fabric-testbed.net/knowledge-base/sc19/
5728,"Next Generation Cloud Research Infrastructure",https://learn.fabric-testbed.net/knowledge-base/next-generation-cloud-research-infrastructure/
5730,"Global Experimentation for Future Internet (GEFI)",https://learn.fabric-testbed.net/knowledge-base/global-experimentation-for-future-internet-gefi/
5732,"What is FABRIC? Webinar",https://learn.fabric-testbed.net/knowledge-base/what-is-fabric-webinar/
5734,"NSF SATC Principal Investigator Meeting",https://learn.fabric-testbed.net/knowledge-base/nsf-satc-principal-investigator-meeting/
5736,"What is FABRIC?",https://learn.fabric-testbed.net/knowledge-base/what-is-fabric/
5738,IPTComm,https://learn.fabric-testbed.net/knowledge-base/iptcomm/
5740,"IIT Real-Time Communications Conference 2019",https://learn.fabric-testbed.net/knowledge-base/iit-real-time-communications-conference-2019/
5742,"Midscale Education and Research Infrastructure and Tools (MERIT) Community Event",https://learn.fabric-testbed.net/knowledge-base/midscale-education-and-research-infrastructure-and-tools-merit-community-event/
5744,"NSF Campus Cyberinfrastructure (CC*) and NSF Cybersecurity for Cyberinfrastructure Innovation (CICI) PI Workshop",https://learn.fabric-testbed.net/knowledge-base/nsf-campus-cyberinfrastructure-cc-and-nsf-cybersecurity-for-cyberinfrastructure-innovation-cici-pi-workshop/
5746,"IEEE Sarnoff Symposium 2019",https://learn.fabric-testbed.net/knowledge-base/ieee-sarnoff-symposium-2019/
5748,"The Global Research Platform Workshop",https://learn.fabric-testbed.net/knowledge-base/the-global-research-platform-workshop/
5756,"Building a Xilinx Licensed Toolchain",https://learn.fabric-testbed.net/knowledge-base/building-a-xilinx-licensed-toolchain/
5758,"Using ESnet P4 Workflow on FABRIC",https://learn.fabric-testbed.net/knowledge-base/using-esnet-p4-workflow-on-fabric/
5760,"Using NEU P4 Workflow on FABRIC",https://learn.fabric-testbed.net/knowledge-base/using-neu-p4-workflow-on-fabric/
5774,"FABRIC NVMe Drives",https://learn.fabric-testbed.net/knowledge-base/fabric-nvme-drives/
5826,"Passing Xilinx U280 FPGA into a KVM VM",https://learn.fabric-testbed.net/knowledge-base/passing-xilinx-u280-fpga-into-a-kvm-vm/
5913,"NSF FABRIC project announces groundbreaking high-speed network infrastructure expansion",https://learn.fabric-testbed.net/knowledge-base/nsf-fabric-project-announces-groundbreaking-high-speed-network-infrastructure-expansion/
5962,"Using FABRIC persistent storage",https://learn.fabric-testbed.net/knowledge-base/using-fabric-persistent-storage/
5985,"September '23 Newsletter",https://learn.fabric-testbed.net/knowledge-base/september-23-newsletter/
6006,"Asking for help on FABRIC forums",https://learn.fabric-testbed.net/knowledge-base/asking-for-help-on-fabric-forums/
6086,"November '23 Newsletter",https://learn.fabric-testbed.net/knowledge-base/november-23-newsletter/
6098,"Supercomputing 2023",https://learn.fabric-testbed.net/knowledge-base/supercomputing-2023/
6100,"2023 Research Infrastructure Workshop",https://learn.fabric-testbed.net/knowledge-base/2023-research-infrastructure-workshop/
6102,"WTESTBEDS 2023",https://learn.fabric-testbed.net/knowledge-base/wtestbeds-2023/
6104,"Campus Champions: June All-Champions Chat",https://learn.fabric-testbed.net/knowledge-base/campus-champions-june-all-champions-chat/
6106,"NITRD Joint Engineering Team (JET) May 2023 Meeting",https://learn.fabric-testbed.net/knowledge-base/nitrd-joint-engineering-team-jet-may-2023-meeting/
6241,"FABRIC Testbed Release 1.6",https://learn.fabric-testbed.net/knowledge-base/fabric-testbed-release-1-6/
6244,"KNIT 8: A FABRIC Community Workshop",https://learn.fabric-testbed.net/knowledge-base/knit-8-a-fabric-community-workshop/
6284,"2023 NSF CIRC Principal Investigators Meeting",https://learn.fabric-testbed.net/knowledge-base/2023-nsf-circ-principal-investigators-meeting/
6395,"NANOG 89 San Diego",https://learn.fabric-testbed.net/knowledge-base/nanog-89-san-diego/
6397,"Monterey Data Conference 2023",https://learn.fabric-testbed.net/knowledge-base/monterey-data-conference-2023/
6691,"FABRIC Experiment Framework(FABExp)",https://learn.fabric-testbed.net/knowledge-base/fabric-experiment-frameworkfabexp/
6844,"Thread the Needle: Making Programmable Networks More Secure",https://learn.fabric-testbed.net/knowledge-base/thread-the-needle-making-programmable-networks-more-secure/
6863,"2024 Spring SoX Participants Meeting",https://learn.fabric-testbed.net/knowledge-base/2024-spring-sox-participants-meeting/
6865,"2024 Research Infrastructure Outreach Meeting",https://learn.fabric-testbed.net/knowledge-base/2024-research-infrastructure-outreach-meeting/
6867,"January '24 Newsletter",https://learn.fabric-testbed.net/knowledge-base/january-24-newsletter/
6869,"March '24 Newsletter",https://learn.fabric-testbed.net/knowledge-base/march-24-newsletter/
6872,"NAIRR & FABRIC",https://learn.fabric-testbed.net/knowledge-base/nairr-fabric/
6978,"North American Research and Education Organizations Launch New Experimental Network and Exchange Collaboration: NA-REX",https://learn.fabric-testbed.net/knowledge-base/north-american-research-and-education-organizations-launch-new-experimental-network-and-exchange-collaboration-na-rex/
6981,"Edge Partners with FABRIC, Princeton University, and Rutgers, The State University of New Jersey, on High Performance Network Infrastructure",https://learn.fabric-testbed.net/knowledge-base/edge-partners-with-fabric-princeton-university-and-rutgers-the-state-university-of-new-jersey-on-high-performance-network-infrastructure/
7019,"University at Buffalo - Computer Science and Engineering",https://learn.fabric-testbed.net/knowledge-base/university-at-buffalo-computer-science-and-engineering/
7032,"Announcing FABRIC’s Tools Page",https://learn.fabric-testbed.net/knowledge-base/announcing-fabrics-tools-page/
7046,"Introducing Tailscale — Mastering FABRIC: Tips &amp; Tricks Webinar",https://learn.fabric-testbed.net/knowledge-base/introducing-tailscale-mastering-fabric-tip-tricks-webinar/
7111,"May ’24 Newsletter",https://learn.fabric-testbed.net/knowledge-base/may-24-newsletter/
7119,"FABRIC 101 — Hello FABRIC Webinar",https://learn.fabric-testbed.net/knowledge-base/fabric-101-hello-fabric-webinar-series-featuring-komal-thareja/
7121,"Debuggable, Programmable Networks — Stitching Together Innovation Webinar",https://learn.fabric-testbed.net/knowledge-base/stitching-together-innovation-with-fabric-users/
7152,"Changing the very FABRIC of computer networking",https://learn.fabric-testbed.net/knowledge-base/changing-the-very-fabric-of-computer-networking/
7154,"FABRIC Events and Opportunities | June 2024",https://learn.fabric-testbed.net/knowledge-base/fabric-events-and-opportunities-june-2024/
7168,"Science Gateways 2024",https://learn.fabric-testbed.net/knowledge-base/science-gateways-2024/
7170,"KNIT 9: A FABRIC Community Workshop",https://learn.fabric-testbed.net/knowledge-base/knit-9-a-fabric-community-workshop/
7188,"Project Science Domain/Community List",https://learn.fabric-testbed.net/knowledge-base/project-science-domain-community-list/
7213,"FABRIC Testbed Release Notes 1.7",https://learn.fabric-testbed.net/knowledge-base/fabric-testbed-release-notes-1-7/
7259,"Artifact Manager",https://learn.fabric-testbed.net/knowledge-base/artifact-manager/
7314,"Exciting Updates in FABRIC Post 1.7: New Features Now Available!",https://learn.fabric-testbed.net/knowledge-base/exciting-updates-in-fabric-post-1-7-new-features-now-available/
7338,"Tips and Tricks: Teaching on FABRIC",https://learn.fabric-testbed.net/knowledge-base/tips-and-tricks-teaching-on-fabric/
7360,"PEARC '24",https://learn.fabric-testbed.net/knowledge-base/pearc-24/
7363,"Cyber Security and Information Assurance (CSIA) Interagency Working Group (IWG)",https://learn.fabric-testbed.net/knowledge-base/cyber-security-and-information-assurance-csia-interagency-working-group-iwg/
7367,"Secure and Trustworthy Cyberspace 2024 Principal Investigators’ Meeting",https://learn.fabric-testbed.net/knowledge-base/secure-and-trustworthy-cyberspace-2024-principal-investigators-meeting/
7369,"SACNAS NDiSTEM 2024",https://learn.fabric-testbed.net/knowledge-base/sacnas-ndistem-2024/
7372,"Supercomputing 2024",https://learn.fabric-testbed.net/knowledge-base/supercomputing-2024/
7387,"July '24 Newsletter",https://learn.fabric-testbed.net/knowledge-base/july-24-newsletter/
7429,"SciStream and FABRIC — Stitching Together Innovation Webinar",https://learn.fabric-testbed.net/knowledge-base/scistream-and-fabric/
7433,"Exploring Different Network Interfaces — Mastering FABRIC: Tips and Tricks Webinar",https://learn.fabric-testbed.net/knowledge-base/exploring-different-network-interfaces/
7459,"Thread the Needle: Experiences and resources for teaching with FABRIC",https://learn.fabric-testbed.net/knowledge-base/experiences-and-resources-for-teaching-with-fabric/
7521,"Artifact Manager — Mastering FABRIC: Tips and Tricks Webinar",https://learn.fabric-testbed.net/knowledge-base/artifact-manager-2/
7525,"AI / ML Experiments — Stitching Together Innovation Webinar",https://learn.fabric-testbed.net/knowledge-base/ai-ml-experiments/
7533,"Pacific Wave Supporting FABRIC Coast-to-Coast Terabit Testbed with Connections in Los Angeles and Seattle",https://learn.fabric-testbed.net/knowledge-base/pacific-wave-supporting-fabric-coast-to-coast-terabit-testbed-with-connections-in-los-angeles-and-seattle/
7561,"Summer 2024 Webinars Recap",https://learn.fabric-testbed.net/knowledge-base/summer-2024-webinars-recap/
7609,"Poseidon and FABRIC — Stitching Together Innovation Webinar",https://learn.fabric-testbed.net/knowledge-base/poseidon-and-fabric/
7612,"Using the Data Within FABRIC — Mastering FABRIC: Tips and Tricks Webinar",https://learn.fabric-testbed.net/knowledge-base/using-the-data-within-fabric/
7642,"Thread the Needle: Extending Local 5G Slicing for Seamless, Secure Remote Global Connectivity",https://learn.fabric-testbed.net/knowledge-base/extending-local-5g-slicing-for-seamless-secure-remote-global-connectivity/
7659,"Thread The Needle: Harnessing AI-Powered Image Analysis to Transform Pain Diagnosis ",https://learn.fabric-testbed.net/knowledge-base/harnessing-ai-powered-image-analysis-to-transform-pain-diagnosis/
7762,"Artifact Manger in Jupyter Hub",https://learn.fabric-testbed.net/knowledge-base/artifact-manger-in-jupyter-hub/
7776,Reproducibility,https://learn.fabric-testbed.net/knowledge-base/reproducibility/
7779,"Facility Ports — Mastering FABRIC: Tips and Tricks Webinar",https://learn.fabric-testbed.net/knowledge-base/facility-ports/
7782,"ERN CryoEm and FABRIC — Stitching Together Innovation Webinar",https://learn.fabric-testbed.net/knowledge-base/ern-cryoem-and-fabric/
7858,"Thread the Needle: Improving Climate Models without Moving Massive Amounts of Data ",https://learn.fabric-testbed.net/knowledge-base/improving-climate-models-without-moving-massive-amounts-of-data/
7860,"Thread the Needle: Accelerating Big Data Processing for Particle Physics Experiments",https://learn.fabric-testbed.net/knowledge-base/accelerating-big-data-processing-for-particle-physics-experiments/
7930,"Submit a nomination for the KNIT10 Awards",https://learn.fabric-testbed.net/knowledge-base/submit-a-nomination-for-the-knit10-awards/
7933,"Autumn 2024 Webinars Recap",https://learn.fabric-testbed.net/knowledge-base/autumn-2024-webinars-recap/
7935,"When Federated Learning Meets FABRIC — Stitching Together Innovation Webinar",https://learn.fabric-testbed.net/knowledge-base/when-federated-learning-meets-fabric/
7944,"Ciena technology to underpin terabit-speed connectivity at SC24",https://learn.fabric-testbed.net/knowledge-base/ciena-technology-to-underpin-terabit-speed-connectivity-at-sc24/
7946,"Thread the Needle: Does L4S have a path to deployment?",https://learn.fabric-testbed.net/knowledge-base/thread-the-needle-does-l4s-have-a-path-to-deployment/
7948,"Researchers address quantum computing security challenges with help from FABRIC",https://learn.fabric-testbed.net/knowledge-base/researchers-address-quantum-computing-security-challenges-with-help-from-fabric/
7964,"Dagstuhl Seminar: Research Infrastructures and Tools for Collaborative Networked Systems Research",https://learn.fabric-testbed.net/knowledge-base/dagstuhl-seminar-research-infrastructures-and-tools-for-collaborative-networked-systems-research/
7984,"EJFAT and FABRIC — Stitching Together Innovation Webinar",https://learn.fabric-testbed.net/knowledge-base/ejfat-and-fabric/
7989,"Adding Other Identities in Portal",https://learn.fabric-testbed.net/knowledge-base/add-other-identities-in-portal/
7995,"FABRIC Testbed Release Notes 1.8",https://learn.fabric-testbed.net/knowledge-base/fabric-testbed-release-notes-1-8/
8005,"FABRIC Maintenance | January 6-10, 2025",https://learn.fabric-testbed.net/knowledge-base/fabric-maintenance-january-6-10-2025/
8007,"Winter 2024 Webinars Recap",https://learn.fabric-testbed.net/knowledge-base/winter-2024-webinars-recap/
8009,"Recap: FABRIC at Supercomputing 2024",https://learn.fabric-testbed.net/knowledge-base/recap-fabric-at-supercomputing-2024/
8127,"Routed Networks with Performance Enhancements via Hardware Offload — Mastering FABRIC: Tips and Tricks Webinar",https://learn.fabric-testbed.net/knowledge-base/routed-networks-with-performance-enhancements-via-hardware-offload/
8156,"Power Usage Metrics",https://learn.fabric-testbed.net/?post_type=ht_kb&p=8156
8213,"NSF Workshop on Networking and Systems Challenges in Immersive Computing",https://learn.fabric-testbed.net/knowledge-base/nsf-workshop-on-networking-and-systems-challenges-in-immersive-computing/
8217,"FABRIC joins ACCESS Computing Resource Ecosystem",https://learn.fabric-testbed.net/knowledge-base/fabric-joins-access-computing-resource-ecosystem/
8219,"FABRIC listed as a NAIRR Pilot Resource",https://learn.fabric-testbed.net/knowledge-base/fabric-listed-as-a-nairr-pilot-resource/
8221,"FABRIC Ambassador Program",https://learn.fabric-testbed.net/knowledge-base/fabric-ambassador-program/
8227,"Thread the Needle: Infrastructure Framework enables High-Speed Secure Streaming between Federated Scientific Instrument Networks",https://learn.fabric-testbed.net/knowledge-base/thread-the-needle-infrastructure-framework-enables-high-speed-secure-streaming-between-federated-scientific-instrument-networks/
8229,"Thread the Needle: Making Intelligent Networking More Accessible ",https://learn.fabric-testbed.net/knowledge-base/thread-the-needle-making-intelligent-networking-more-accessible/
8232,"Inaugural National Artificial Intelligence Research Resource Pilot (NAIRR) Annual Meeting",https://learn.fabric-testbed.net/knowledge-base/inaugural-national-artificial-intelligence-research-resource-pilot-nairr-annual-meeting/
8358,"Federated Digital Pathology with FABRIC — Stitching Together Innovation Webinar",https://learn.fabric-testbed.net/knowledge-base/federated-digital-pathology-with-fabric-stitching-together-innovation-webinar/
8412,"Advanced Reservations with FABRIC — Mastering FABRIC: Tips and Tricks Webinar",https://learn.fabric-testbed.net/knowledge-base/advanced-reservations-with-fabric-mastering-fabric-tips-and-tricks-webinar/
